anio,trimestre,indicador,tipo,valor
2005,1,TCCO,desestacionalizada,15.28
2005,2,TCCO,desestacionalizada,14.7
2005,3,TCCO,desestacionalizada,13.98
2005,4,TCCO,desestacionalizada,13.35
2006,1,TCCO,desestacionalizada,13.02
2006,2,TCCO,desestacionalizada,12.2
2006,3,TCCO,desestacionalizada,12.01
2006,4,TCCO,desestacionalizada,11.86
2007,1,TCCO,desestacionalizada,11.44
2007,2,TCCO,desestacionalizada,11.18
2007,3,TCCO,desestacionalizada,11.27
2007,4,TCCO,desestacionalizada,10.94
2008,1,TCCO,desestacionalizada,10.57
2008,2,TCCO,desestacionalizada,10.61
2008,3,TCCO,desestacionalizada,10.51
2008,4,TCCO,desestacionalizada,10.61
2009,1,TCCO,desestacionalizada,12.02
2009,2,TCCO,desestacionalizada,13.03
2009,3,TCCO,desestacionalizada,12.41
2009,4,TCCO,desestacionalizada,12.15
2010,1,TCCO,desestacionalizada,12.17
2010,2,TCCO,desestacionalizada,12.08
2010,3,TCCO,desestacionalizada,11.61
2010,4,TCCO,desestacionalizada,12.01
2011,1,TCCO,desestacionalizada,11.69
2011,2,TCCO,desestacionalizada,11.22
2011,3,TCCO,desestacionalizada,11.18
2011,4,TCCO,desestacionalizada,11.03
2012,1,TCCO,desestacionalizada,11.84
2012,2,TCCO,desestacionalizada,11.76
2012,3,TCCO,desestacionalizada,11.88
2012,4,TCCO,desestacionalizada,11.75
2013,1,TCCO,desestacionalizada,11.74
2013,2,TCCO,desestacionalizada,11.87
2013,3,TCCO,desestacionalizada,12.13
2013,4,TCCO,desestacionalizada,12.06
2014,1,TCCO,desestacionalizada,11.33
2014,2,TCCO,desestacionalizada,11.49
2014,3,TCCO,desestacionalizada,11.74
2014,4,TCCO,desestacionalizada,12.23
2015,1,TCCO,desestacionalizada,11.75
2015,2,TCCO,desestacionalizada,12.2
2015,3,TCCO,desestacionalizada,12.69
2015,4,TCCO,desestacionalizada,13.06
2016,1,TCCO,desestacionalizada,13.66
2016,2,TCCO,desestacionalizada,14.17
2016,3,TCCO,desestacionalizada,13.64
2016,4,TCCO,desestacionalizada,13.43
2017,1,TCCO,desestacionalizada,13.71
2017,2,TCCO,desestacionalizada,13.21
2017,3,TCCO,desestacionalizada,13.47
2017,4,TCCO,desestacionalizada,14.82
2018,1,TCCO,desestacionalizada,14.96
2018,2,TCCO,desestacionalizada,14.93
2018,3,TCCO,desestacionalizada,15.68
2018,4,TCCO,desestacionalizada,15.88
2019,1,TCCO,desestacionalizada,17.78
2019,2,TCCO,desestacionalizada,18.72
2019,3,TCCO,desestacionalizada,19.27
2019,4,TCCO,desestacionalizada,19.59
2020,1,TCCO,desestacionalizada,21.11
2020,3,TCCO,desestacionalizada,24.12
2020,4,TCCO,desestacionalizada,24.59
2021,1,TCCO,desestacionalizada,24.41
2021,2,TCCO,desestacionalizada,25.24
2021,3,TCCO,desestacionalizada,24.85
2021,4,TCCO,desestacionalizada,25.23
2022,1,TCCO,desestacionalizada,29.92
2022,2,TCCO,desestacionalizada,30.11
2022,3,TCCO,desestacionalizada,30.24
2022,4,TCCO,desestacionalizada,30.51
2023,1,TCCO,desestacionalizada,31.28
2023,2,TCCO,desestacionalizada,30.86
2023,3,TCCO,desestacionalizada,30.62
2023,4,TCCO,desestacionalizada,31.17
2024,1,TCCO,desestacionalizada,33.05
2024,2,TCCO,desestacionalizada,32.38
2024,3,TCCO,desestacionalizada,33.02
2024,4,TCCO,desestacionalizada,32.4
2025,1,TCCO,desestacionalizada,31.73
2025,2,TCCO,desestacionalizada,32.31
2025,3,TCCO,desestacionalizada,33.85
2025,4,TCCO,desestacionalizada,35.56
2026,1,TCCO,desestacionalizada,36.58
2026,2,TCCO,desestacionalizada,37.79
2005,1,TCCO,tendencia_ciclo,15.31
2005,2,TCCO,tendencia_ciclo,14.66
2005,3,TCCO,tendencia_ciclo,13.98
2005,4,TCCO,tendencia_ciclo,13.42
2006,1,TCCO,tendencia_ciclo,12.88
2006,2,TCCO,tendencia_ciclo,12.32
2006,3,TCCO,tendencia_ciclo,11.99
2006,4,TCCO,tendencia_ciclo,11.81
2007,1,TCCO,tendencia_ciclo,11.46
2007,2,TCCO,tendencia_ciclo,11.25
2007,3,TCCO,tendencia_ciclo,11.18
2007,4,TCCO,tendencia_ciclo,10.93
2008,1,TCCO,tendencia_ciclo,10.65
2008,2,TCCO,tendencia_ciclo,10.55
2008,3,TCCO,tendencia_ciclo,10.55
2008,4,TCCO,tendencia_ciclo,10.57
2009,1,TCCO,tendencia_ciclo,12.35
2009,2,TCCO,tendencia_ciclo,12.5
2009,3,TCCO,tendencia_ciclo,12.41
2009,4,TCCO,tendencia_ciclo,12.21
2010,1,TCCO,tendencia_ciclo,12.16
2010,2,TCCO,tendencia_ciclo,11.98
2010,3,TCCO,tendencia_ciclo,11.83
2010,4,TCCO,tendencia_ciclo,11.86
2011,1,TCCO,tendencia_ciclo,11.69
2011,2,TCCO,tendencia_ciclo,11.29
2011,3,TCCO,tendencia_ciclo,11.09
2011,4,TCCO,tendencia_ciclo,11.28
2012,1,TCCO,tendencia_ciclo,11.62
2012,2,TCCO,tendencia_ciclo,11.85
2012,3,TCCO,tendencia_ciclo,11.82
2012,4,TCCO,tendencia_ciclo,11.77
2013,1,TCCO,tendencia_ciclo,11.74
2013,2,TCCO,tendencia_ciclo,11.9
2013,3,TCCO,tendencia_ciclo,12.11
2013,4,TCCO,tendencia_ciclo,11.96
2014,1,TCCO,tendencia_ciclo,11.57
2014,2,TCCO,tendencia_ciclo,11.47
2014,3,TCCO,tendencia_ciclo,11.74
2014,4,TCCO,tendencia_ciclo,11.83
2015,1,TCCO,tendencia_ciclo,11.87
2015,2,TCCO,tendencia_ciclo,12.17
2015,3,TCCO,tendencia_ciclo,12.65
2015,4,TCCO,tendencia_ciclo,13.11
2016,1,TCCO,tendencia_ciclo,13.7
2016,2,TCCO,tendencia_ciclo,14
2016,3,TCCO,tendencia_ciclo,13.73
2016,4,TCCO,tendencia_ciclo,13.52
2017,1,TCCO,tendencia_ciclo,13.46
2017,2,TCCO,tendencia_ciclo,13.31
2017,3,TCCO,tendencia_ciclo,13.71
2017,4,TCCO,tendencia_ciclo,14.58
2018,1,TCCO,tendencia_ciclo,14.95
2018,2,TCCO,tendencia_ciclo,15.06
2018,3,TCCO,tendencia_ciclo,15.57
2018,4,TCCO,tendencia_ciclo,16.52
2019,1,TCCO,tendencia_ciclo,17.69
2019,2,TCCO,tendencia_ciclo,18.71
2019,3,TCCO,tendencia_ciclo,19.17
2019,4,TCCO,tendencia_ciclo,19.76
2020,1,TCCO,tendencia_ciclo,21.12
2020,3,TCCO,tendencia_ciclo,24.11
2020,4,TCCO,tendencia_ciclo,24.55
2021,1,TCCO,tendencia_ciclo,24.63
2021,2,TCCO,tendencia_ciclo,24.7
2021,3,TCCO,tendencia_ciclo,24.93
2021,4,TCCO,tendencia_ciclo,25.14
2022,1,TCCO,tendencia_ciclo,29.99
2022,2,TCCO,tendencia_ciclo,30.08
2022,3,TCCO,tendencia_ciclo,30.23
2022,4,TCCO,tendencia_ciclo,30.66
2023,1,TCCO,tendencia_ciclo,31.05
2023,2,TCCO,tendencia_ciclo,30.91
2023,3,TCCO,tendencia_ciclo,30.67
2023,4,TCCO,tendencia_ciclo,31.25
2024,1,TCCO,tendencia_ciclo,32.23
2024,2,TCCO,tendencia_ciclo,32.92
2024,3,TCCO,tendencia_ciclo,32.94
2024,4,TCCO,tendencia_ciclo,32.36
2025,1,TCCO,tendencia_ciclo,31.85
2025,2,TCCO,tendencia_ciclo,32.35
2025,3,TCCO,tendencia_ciclo,33.86
2025,4,TCCO,tendencia_ciclo,35.44
2026,1,TCCO,tendencia_ciclo,36.64
2026,2,TCCO,tendencia_ciclo,37.85
2005,1,TD,desestacionalizada,3.68
2005,2,TD,desestacionalizada,3.74
2005,3,TD,desestacionalizada,3.5
2005,4,TD,desestacionalizada,3.29
2006,1,TD,desestacionalizada,3.36
2006,2,TD,desestacionalizada,3.38
2006,3,TD,desestacionalizada,3.71
2006,4,TD,desestacionalizada,3.78
2007,1,TD,desestacionalizada,3.76
2007,2,TD,desestacionalizada,3.59
2007,3,TD,desestacionalizada,3.58
2007,4,TD,desestacionalizada,3.63
2008,1,TD,desestacionalizada,3.73
2008,2,TD,desestacionalizada,3.68
2008,3,TD,desestacionalizada,3.85
2008,4,TD,desestacionalizada,4.36
2009,1,TD,desestacionalizada,4.9
2009,2,TD,desestacionalizada,5.37
2009,3,TD,desestacionalizada,5.75
2009,4,TD,desestacionalizada,5.44
2010,1,TD,desestacionalizada,5.28
2010,2,TD,desestacionalizada,5.33
2010,3,TD,desestacionalizada,5.23
2010,4,TD,desestacionalizada,5.47
2011,1,TD,desestacionalizada,5.22
2011,2,TD,desestacionalizada,5.32
2011,3,TD,desestacionalizada,5.23
2011,4,TD,desestacionalizada,5.03
2012,1,TD,desestacionalizada,5
2012,2,TD,desestacionalizada,4.85
2012,3,TD,desestacionalizada,4.82
2012,4,TD,desestacionalizada,5.04
2013,1,TD,desestacionalizada,5.01
2013,2,TD,desestacionalizada,5.03
2013,3,TD,desestacionalizada,4.93
2013,4,TD,desestacionalizada,4.82
2014,1,TD,desestacionalizada,4.93
2014,2,TD,desestacionalizada,4.91
2014,3,TD,desestacionalizada,4.94
2014,4,TD,desestacionalizada,4.56
2015,1,TD,desestacionalizada,4.36
2015,2,TD,desestacionalizada,4.35
2015,3,TD,desestacionalizada,4.32
2015,4,TD,desestacionalizada,4.3
2016,1,TD,desestacionalizada,4.17
2016,2,TD,desestacionalizada,3.92
2016,3,TD,desestacionalizada,3.79
2016,4,TD,desestacionalizada,3.64
2017,1,TD,desestacionalizada,3.5
2017,2,TD,desestacionalizada,3.45
2017,3,TD,desestacionalizada,3.37
2017,4,TD,desestacionalizada,3.45
2018,1,TD,desestacionalizada,3.22
2018,2,TD,desestacionalizada,3.32
2018,3,TD,desestacionalizada,3.27
2018,4,TD,desestacionalizada,3.37
2019,1,TD,desestacionalizada,3.45
2019,2,TD,desestacionalizada,3.53
2019,3,TD,desestacionalizada,3.53
2019,4,TD,desestacionalizada,3.48
2020,1,TD,desestacionalizada,3.52
2020,3,TD,desestacionalizada,4.84
2020,4,TD,desestacionalizada,4.68
2021,1,TD,desestacionalizada,4.49
2021,2,TD,desestacionalizada,4.26
2021,3,TD,desestacionalizada,3.96
2021,4,TD,desestacionalizada,3.75
2022,1,TD,desestacionalizada,3.59
2022,2,TD,desestacionalizada,3.28
2022,3,TD,desestacionalizada,3.18
2022,4,TD,desestacionalizada,3.05
2023,1,TD,desestacionalizada,2.8
2023,2,TD,desestacionalizada,2.85
2023,3,TD,desestacionalizada,2.75
2023,4,TD,desestacionalizada,2.75
2024,1,TD,desestacionalizada,2.7
2024,2,TD,desestacionalizada,2.69
2024,3,TD,desestacionalizada,2.74
2024,4,TD,desestacionalizada,2.65
2025,1,TD,desestacionalizada,2.62
2025,2,TD,desestacionalizada,2.67
2025,3,TD,desestacionalizada,2.63
2025,4,TD,desestacionalizada,2.64
2026,1,TD,desestacionalizada,2.71
2026,2,TD,desestacionalizada,2.67
2005,1,TD,tendencia_ciclo,3.78
2005,2,TD,tendencia_ciclo,3.68
2005,3,TD,tendencia_ciclo,3.5
2005,4,TD,tendencia_ciclo,3.32
2006,1,TD,tendencia_ciclo,3.34
2006,2,TD,tendencia_ciclo,3.52
2006,3,TD,tendencia_ciclo,3.69
2006,4,TD,tendencia_ciclo,3.79
2007,1,TD,tendencia_ciclo,3.73
2007,2,TD,tendencia_ciclo,3.62
2007,3,TD,tendencia_ciclo,3.58
2007,4,TD,tendencia_ciclo,3.64
2008,1,TD,tendencia_ciclo,3.69
2008,2,TD,tendencia_ciclo,3.7
2008,3,TD,tendencia_ciclo,3.88
2008,4,TD,tendencia_ciclo,4.35
2009,1,TD,tendencia_ciclo,4.9
2009,2,TD,tendencia_ciclo,5.39
2009,3,TD,tendencia_ciclo,5.6
2009,4,TD,tendencia_ciclo,5.48
2010,1,TD,tendencia_ciclo,5.32
2010,2,TD,tendencia_ciclo,5.28
2010,3,TD,tendencia_ciclo,5.29
2010,4,TD,tendencia_ciclo,5.29
2011,1,TD,tendencia_ciclo,5.31
2011,2,TD,tendencia_ciclo,5.3
2011,3,TD,tendencia_ciclo,5.21
2011,4,TD,tendencia_ciclo,5.07
2012,1,TD,tendencia_ciclo,4.96
2012,2,TD,tendencia_ciclo,4.86
2012,3,TD,tendencia_ciclo,4.87
2012,4,TD,tendencia_ciclo,4.98
2013,1,TD,tendencia_ciclo,5.05
2013,2,TD,tendencia_ciclo,5.01
2013,3,TD,tendencia_ciclo,4.92
2013,4,TD,tendencia_ciclo,4.86
2014,1,TD,tendencia_ciclo,4.9
2014,2,TD,tendencia_ciclo,4.93
2014,3,TD,tendencia_ciclo,4.8
2014,4,TD,tendencia_ciclo,4.57
2015,1,TD,tendencia_ciclo,4.38
2015,2,TD,tendencia_ciclo,4.33
2015,3,TD,tendencia_ciclo,4.33
2015,4,TD,tendencia_ciclo,4.3
2016,1,TD,tendencia_ciclo,4.15
2016,2,TD,tendencia_ciclo,3.95
2016,3,TD,tendencia_ciclo,3.78
2016,4,TD,tendencia_ciclo,3.64
2017,1,TD,tendencia_ciclo,3.51
2017,2,TD,tendencia_ciclo,3.43
2017,3,TD,tendencia_ciclo,3.38
2017,4,TD,tendencia_ciclo,3.34
2018,1,TD,tendencia_ciclo,3.32
2018,2,TD,tendencia_ciclo,3.29
2018,3,TD,tendencia_ciclo,3.29
2018,4,TD,tendencia_ciclo,3.35
2019,1,TD,tendencia_ciclo,3.46
2019,2,TD,tendencia_ciclo,3.52
2019,3,TD,tendencia_ciclo,3.52
2019,4,TD,tendencia_ciclo,3.5
2020,1,TD,tendencia_ciclo,3.5
2020,3,TD,tendencia_ciclo,4.81
2020,4,TD,tendencia_ciclo,4.69
2021,1,TD,tendencia_ciclo,4.49
2021,2,TD,tendencia_ciclo,4.24
2021,3,TD,tendencia_ciclo,3.97
2021,4,TD,tendencia_ciclo,3.76
2022,1,TD,tendencia_ciclo,3.55
2022,2,TD,tendencia_ciclo,3.34
2022,3,TD,tendencia_ciclo,3.17
2022,4,TD,tendencia_ciclo,3.04
2023,1,TD,tendencia_ciclo,2.91
2023,2,TD,tendencia_ciclo,2.82
2023,3,TD,tendencia_ciclo,2.77
2023,4,TD,tendencia_ciclo,2.73
2024,1,TD,tendencia_ciclo,2.7
2024,2,TD,tendencia_ciclo,2.71
2024,3,TD,tendencia_ciclo,2.71
2024,4,TD,tendencia_ciclo,2.66
2025,1,TD,tendencia_ciclo,2.63
2025,2,TD,tendencia_ciclo,2.65
2025,3,TD,tendencia_ciclo,2.64
2025,4,TD,tendencia_ciclo,2.65
2026,1,TD,tendencia_ciclo,2.69
2026,2,TD,tendencia_ciclo,2.68
2005,1,TIL1,desestacionalizada,59.59
2005,2,TIL1,desestacionalizada,59.26
2005,3,TIL1,desestacionalizada,60.01
2005,4,TIL1,desestacionalizada,59.56
2006,1,TIL1,desestacionalizada,59.01
2006,2,TIL1,desestacionalizada,58.93
2006,3,TIL1,desestacionalizada,58.24
2006,4,TIL1,desestacionalizada,57.7
2007,1,TIL1,desestacionalizada,57.89
2007,2,TIL1,desestacionalizada,57.74
2007,3,TIL1,desestacionalizada,57.78
2007,4,TIL1,desestacionalizada,58.2
2008,1,TIL1,desestacionalizada,57.96
2008,2,TIL1,desestacionalizada,58.1
2008,3,TIL1,desestacionalizada,58.09
2008,4,TIL1,desestacionalizada,58.33
2009,1,TIL1,desestacionalizada,58.86
2009,2,TIL1,desestacionalizada,59.25
2009,3,TIL1,desestacionalizada,59.73
2009,4,TIL1,desestacionalizada,59.81
2010,1,TIL1,desestacionalizada,59.74
2010,2,TIL1,desestacionalizada,59.66
2010,3,TIL1,desestacionalizada,59.12
2010,4,TIL1,desestacionalizada,59.01
2011,1,TIL1,desestacionalizada,59.3
2011,2,TIL1,desestacionalizada,59.03
2011,3,TIL1,desestacionalizada,59.41
2011,4,TIL1,desestacionalizada,59.41
2012,1,TIL1,desestacionalizada,59.54
2012,2,TIL1,desestacionalizada,59.53
2012,3,TIL1,desestacionalizada,59.57
2012,4,TIL1,desestacionalizada,59.36
2013,1,TIL1,desestacionalizada,58.81
2013,2,TIL1,desestacionalizada,58.84
2013,3,TIL1,desestacionalizada,58.7
2013,4,TIL1,desestacionalizada,58.32
2014,1,TIL1,desestacionalizada,58.05
2014,2,TIL1,desestacionalizada,57.54
2014,3,TIL1,desestacionalizada,57.63
2014,4,TIL1,desestacionalizada,57.62
2015,1,TIL1,desestacionalizada,57.62
2015,2,TIL1,desestacionalizada,57.81
2015,3,TIL1,desestacionalizada,57.54
2015,4,TIL1,desestacionalizada,57.91
2016,1,TIL1,desestacionalizada,57.3
2016,2,TIL1,desestacionalizada,57.16
2016,3,TIL1,desestacionalizada,57.1
2016,4,TIL1,desestacionalizada,57.02
2017,1,TIL1,desestacionalizada,57.08
2017,2,TIL1,desestacionalizada,56.52
2017,3,TIL1,desestacionalizada,56.92
2017,4,TIL1,desestacionalizada,56.83
2018,1,TIL1,desestacionalizada,56.56
2018,2,TIL1,desestacionalizada,56.63
2018,3,TIL1,desestacionalizada,56.45
2018,4,TIL1,desestacionalizada,56.47
2019,1,TIL1,desestacionalizada,56.72
2019,2,TIL1,desestacionalizada,56.29
2019,3,TIL1,desestacionalizada,56.26
2019,4,TIL1,desestacionalizada,56.11
2020,1,TIL1,desestacionalizada,55.88
2020,3,TIL1,desestacionalizada,54.08
2020,4,TIL1,desestacionalizada,55.47
2021,1,TIL1,desestacionalizada,55.15
2021,2,TIL1,desestacionalizada,56.15
2021,3,TIL1,desestacionalizada,56.16
2021,4,TIL1,desestacionalizada,55.88
2022,1,TIL1,desestacionalizada,55.38
2022,2,TIL1,desestacionalizada,55.71
2022,3,TIL1,desestacionalizada,55.42
2022,4,TIL1,desestacionalizada,55.15
2023,1,TIL1,desestacionalizada,55.26
2023,2,TIL1,desestacionalizada,55.13
2023,3,TIL1,desestacionalizada,54.92
2023,4,TIL1,desestacionalizada,54.81
2024,1,TIL1,desestacionalizada,54.57
2024,2,TIL1,desestacionalizada,54.23
2024,3,TIL1,desestacionalizada,54.4
2024,4,TIL1,desestacionalizada,54.48
2025,1,TIL1,desestacionalizada,54.54
2025,2,TIL1,desestacionalizada,54.81
2025,3,TIL1,desestacionalizada,55.16
2025,4,TIL1,desestacionalizada,55.02
2026,1,TIL1,desestacionalizada,55.02
2026,2,TIL1,desestacionalizada,55.11
2005,1,TIL1,tendencia_ciclo,59.5
2005,2,TIL1,tendencia_ciclo,59.57
2005,3,TIL1,tendencia_ciclo,59.68
2005,4,TIL1,tendencia_ciclo,59.51
2006,1,TIL1,tendencia_ciclo,59.15
2006,2,TIL1,tendencia_ciclo,58.8
2006,3,TIL1,tendencia_ciclo,58.26
2006,4,TIL1,tendencia_ciclo,57.82
2007,1,TIL1,tendencia_ciclo,57.77
2007,2,TIL1,tendencia_ciclo,57.77
2007,3,TIL1,tendencia_ciclo,57.87
2007,4,TIL1,tendencia_ciclo,58.05
2008,1,TIL1,tendencia_ciclo,58.08
2008,2,TIL1,tendencia_ciclo,58.03
2008,3,TIL1,tendencia_ciclo,58.12
2008,4,TIL1,tendencia_ciclo,58.37
2009,1,TIL1,tendencia_ciclo,58.81
2009,2,TIL1,tendencia_ciclo,59.3
2009,3,TIL1,tendencia_ciclo,59.68
2009,4,TIL1,tendencia_ciclo,59.82
2010,1,TIL1,tendencia_ciclo,59.78
2010,2,TIL1,tendencia_ciclo,59.56
2010,3,TIL1,tendencia_ciclo,59.2
2010,4,TIL1,tendencia_ciclo,59.03
2011,1,TIL1,tendencia_ciclo,59.1
2011,2,TIL1,tendencia_ciclo,59.22
2011,3,TIL1,tendencia_ciclo,59.34
2011,4,TIL1,tendencia_ciclo,59.46
2012,1,TIL1,tendencia_ciclo,59.5
2012,2,TIL1,tendencia_ciclo,59.57
2012,3,TIL1,tendencia_ciclo,59.56
2012,4,TIL1,tendencia_ciclo,59.29
2013,1,TIL1,tendencia_ciclo,58.93
2013,2,TIL1,tendencia_ciclo,58.79
2013,3,TIL1,tendencia_ciclo,58.67
2013,4,TIL1,tendencia_ciclo,58.37
2014,1,TIL1,tendencia_ciclo,57.96
2014,2,TIL1,tendencia_ciclo,57.65
2014,3,TIL1,tendencia_ciclo,57.57
2014,4,TIL1,tendencia_ciclo,57.62
2015,1,TIL1,tendencia_ciclo,57.68
2015,2,TIL1,tendencia_ciclo,57.7
2015,3,TIL1,tendencia_ciclo,57.66
2015,4,TIL1,tendencia_ciclo,57.54
2016,1,TIL1,tendencia_ciclo,57.36
2016,2,TIL1,tendencia_ciclo,57.16
2016,3,TIL1,tendencia_ciclo,57.08
2016,4,TIL1,tendencia_ciclo,57.07
2017,1,TIL1,tendencia_ciclo,56.98
2017,2,TIL1,tendencia_ciclo,56.89
2017,3,TIL1,tendencia_ciclo,56.87
2017,4,TIL1,tendencia_ciclo,56.8
2018,1,TIL1,tendencia_ciclo,56.64
2018,2,TIL1,tendencia_ciclo,56.56
2018,3,TIL1,tendencia_ciclo,56.48
2018,4,TIL1,tendencia_ciclo,56.54
2019,1,TIL1,tendencia_ciclo,56.58
2019,2,TIL1,tendencia_ciclo,56.41
2019,3,TIL1,tendencia_ciclo,56.22
2019,4,TIL1,tendencia_ciclo,56.15
2020,1,TIL1,tendencia_ciclo,55.77
2020,3,TIL1,tendencia_ciclo,54.69
2020,4,TIL1,tendencia_ciclo,54.89
2021,1,TIL1,tendencia_ciclo,55.51
2021,2,TIL1,tendencia_ciclo,56.06
2021,3,TIL1,tendencia_ciclo,56.18
2021,4,TIL1,tendencia_ciclo,55.81
2022,1,TIL1,tendencia_ciclo,55.57
2022,2,TIL1,tendencia_ciclo,55.56
2022,3,TIL1,tendencia_ciclo,55.44
2022,4,TIL1,tendencia_ciclo,55.22
2023,1,TIL1,tendencia_ciclo,55.2
2023,2,TIL1,tendencia_ciclo,55.13
2023,3,TIL1,tendencia_ciclo,54.95
2023,4,TIL1,tendencia_ciclo,54.79
2024,1,TIL1,tendencia_ciclo,54.52
2024,2,TIL1,tendencia_ciclo,54.32
2024,3,TIL1,tendencia_ciclo,54.35
2024,4,TIL1,tendencia_ciclo,54.47
2025,1,TIL1,tendencia_ciclo,54.57
2025,2,TIL1,tendencia_ciclo,54.85
2025,3,TIL1,tendencia_ciclo,55.07
2025,4,TIL1,tendencia_ciclo,55.07
2026,1,TIL1,tendencia_ciclo,55.05
2026,2,TIL1,tendencia_ciclo,55.04
2005,1,TOSI1,desestacionalizada,27.89
2005,2,TOSI1,desestacionalizada,27.96
2005,3,TOSI1,desestacionalizada,28.09
2005,4,TOSI1,desestacionalizada,28.28
2006,1,TOSI1,desestacionalizada,27.56
2006,2,TOSI1,desestacionalizada,27.13
2006,3,TOSI1,desestacionalizada,26.93
2006,4,TOSI1,desestacionalizada,26.73
2007,1,TOSI1,desestacionalizada,26.9
2007,2,TOSI1,desestacionalizada,27.05
2007,3,TOSI1,desestacionalizada,27.12
2007,4,TOSI1,desestacionalizada,27.35
2008,1,TOSI1,desestacionalizada,27.48
2008,2,TOSI1,desestacionalizada,27.4
2008,3,TOSI1,desestacionalizada,27.37
2008,4,TOSI1,desestacionalizada,27.04
2009,1,TOSI1,desestacionalizada,28.05
2009,2,TOSI1,desestacionalizada,28.05
2009,3,TOSI1,desestacionalizada,28.4
2009,4,TOSI1,desestacionalizada,28.39
2010,1,TOSI1,desestacionalizada,28.41
2010,2,TOSI1,desestacionalizada,28.52
2010,3,TOSI1,desestacionalizada,27.97
2010,4,TOSI1,desestacionalizada,26.91
2011,1,TOSI1,desestacionalizada,28.23
2011,2,TOSI1,desestacionalizada,28.5
2011,3,TOSI1,desestacionalizada,28.59
2011,4,TOSI1,desestacionalizada,28.86
2012,1,TOSI1,desestacionalizada,28.78
2012,2,TOSI1,desestacionalizada,28.95
2012,3,TOSI1,desestacionalizada,29.21
2012,4,TOSI1,desestacionalizada,27.77
2013,1,TOSI1,desestacionalizada,28.63
2013,2,TOSI1,desestacionalizada,28.52
2013,3,TOSI1,desestacionalizada,28.16
2013,4,TOSI1,desestacionalizada,27.81
2014,1,TOSI1,desestacionalizada,27.83
2014,2,TOSI1,desestacionalizada,27.26
2014,3,TOSI1,desestacionalizada,27.18
2014,4,TOSI1,desestacionalizada,27.38
2015,1,TOSI1,desestacionalizada,27.12
2015,2,TOSI1,desestacionalizada,27.24
2015,3,TOSI1,desestacionalizada,27.44
2015,4,TOSI1,desestacionalizada,27.71
2016,1,TOSI1,desestacionalizada,27.06
2016,2,TOSI1,desestacionalizada,27.06
2016,3,TOSI1,desestacionalizada,27.16
2016,4,TOSI1,desestacionalizada,27.16
2017,1,TOSI1,desestacionalizada,27.25
2017,2,TOSI1,desestacionalizada,26.94
2017,3,TOSI1,desestacionalizada,26.65
2017,4,TOSI1,desestacionalizada,26.91
2018,1,TOSI1,desestacionalizada,27.2
2018,2,TOSI1,desestacionalizada,27.34
2018,3,TOSI1,desestacionalizada,27.47
2018,4,TOSI1,desestacionalizada,27.41
2019,1,TOSI1,desestacionalizada,27.72
2019,2,TOSI1,desestacionalizada,27.75
2019,3,TOSI1,desestacionalizada,27.65
2019,4,TOSI1,desestacionalizada,27.45
2020,1,TOSI1,desestacionalizada,27.5
2020,3,TOSI1,desestacionalizada,26.89
2020,4,TOSI1,desestacionalizada,27.83
2021,1,TOSI1,desestacionalizada,28.02
2021,2,TOSI1,desestacionalizada,28.51
2021,3,TOSI1,desestacionalizada,28.7
2021,4,TOSI1,desestacionalizada,28.84
2022,1,TOSI1,desestacionalizada,28.36
2022,2,TOSI1,desestacionalizada,28.6
2022,3,TOSI1,desestacionalizada,28.21
2022,4,TOSI1,desestacionalizada,28.09
2023,1,TOSI1,desestacionalizada,28.3
2023,2,TOSI1,desestacionalizada,28.17
2023,3,TOSI1,desestacionalizada,28.26
2023,4,TOSI1,desestacionalizada,28.24
2024,1,TOSI1,desestacionalizada,27.93
2024,2,TOSI1,desestacionalizada,28.07
2024,3,TOSI1,desestacionalizada,28.11
2024,4,TOSI1,desestacionalizada,28.58
2025,1,TOSI1,desestacionalizada,28.9
2025,2,TOSI1,desestacionalizada,28.94
2025,3,TOSI1,desestacionalizada,29.5
2025,4,TOSI1,desestacionalizada,29.45
2026,1,TOSI1,desestacionalizada,29.65
2026,2,TOSI1,desestacionalizada,30.18
2005,1,TOSI1,tendencia_ciclo,27.88
2005,2,TOSI1,tendencia_ciclo,27.98
2005,3,TOSI1,tendencia_ciclo,28.11
2005,4,TOSI1,tendencia_ciclo,28.02
2006,1,TOSI1,tendencia_ciclo,27.6
2006,2,TOSI1,tendencia_ciclo,27.15
2006,3,TOSI1,tendencia_ciclo,26.88
2006,4,TOSI1,tendencia_ciclo,26.79
2007,1,TOSI1,tendencia_ciclo,26.88
2007,2,TOSI1,tendencia_ciclo,27.03
2007,3,TOSI1,tendencia_ciclo,27.16
2007,4,TOSI1,tendencia_ciclo,27.34
2008,1,TOSI1,tendencia_ciclo,27.46
2008,2,TOSI1,tendencia_ciclo,27.42
2008,3,TOSI1,tendencia_ciclo,27.36
2008,4,TOSI1,tendencia_ciclo,27.44
2009,1,TOSI1,tendencia_ciclo,27.69
2009,2,TOSI1,tendencia_ciclo,28.07
2009,3,TOSI1,tendencia_ciclo,28.35
2009,4,TOSI1,tendencia_ciclo,28.43
2010,1,TOSI1,tendencia_ciclo,28.42
2010,2,TOSI1,tendencia_ciclo,28.29
2010,3,TOSI1,tendencia_ciclo,28.06
2010,4,TOSI1,tendencia_ciclo,28.02
2011,1,TOSI1,tendencia_ciclo,28.25
2011,2,TOSI1,tendencia_ciclo,28.46
2011,3,TOSI1,tendencia_ciclo,28.66
2011,4,TOSI1,tendencia_ciclo,28.78
2012,1,TOSI1,tendencia_ciclo,28.83
2012,2,TOSI1,tendencia_ciclo,28.99
2012,3,TOSI1,tendencia_ciclo,29.09
2012,4,TOSI1,tendencia_ciclo,28.88
2013,1,TOSI1,tendencia_ciclo,28.64
2013,2,TOSI1,tendencia_ciclo,28.48
2013,3,TOSI1,tendencia_ciclo,28.16
2013,4,TOSI1,tendencia_ciclo,27.88
2014,1,TOSI1,tendencia_ciclo,27.63
2014,2,TOSI1,tendencia_ciclo,27.33
2014,3,TOSI1,tendencia_ciclo,27.22
2014,4,TOSI1,tendencia_ciclo,27.25
2015,1,TOSI1,tendencia_ciclo,27.2
2015,2,TOSI1,tendencia_ciclo,27.25
2015,3,TOSI1,tendencia_ciclo,27.43
2015,4,TOSI1,tendencia_ciclo,27.36
2016,1,TOSI1,tendencia_ciclo,27.13
2016,2,TOSI1,tendencia_ciclo,27.05
2016,3,TOSI1,tendencia_ciclo,27.13
2016,4,TOSI1,tendencia_ciclo,27.21
2017,1,TOSI1,tendencia_ciclo,27.18
2017,2,TOSI1,tendencia_ciclo,26.94
2017,3,TOSI1,tendencia_ciclo,26.73
2017,4,TOSI1,tendencia_ciclo,26.89
2018,1,TOSI1,tendencia_ciclo,27.18
2018,2,TOSI1,tendencia_ciclo,27.36
2018,3,TOSI1,tendencia_ciclo,27.44
2018,4,TOSI1,tendencia_ciclo,27.54
2019,1,TOSI1,tendencia_ciclo,27.68
2019,2,TOSI1,tendencia_ciclo,27.75
2019,3,TOSI1,tendencia_ciclo,27.63
2019,4,TOSI1,tendencia_ciclo,27.5
2020,1,TOSI1,tendencia_ciclo,27.47
2020,3,TOSI1,tendencia_ciclo,27.71
2020,4,TOSI1,tendencia_ciclo,27.83
2021,1,TOSI1,tendencia_ciclo,28.08
2021,2,TOSI1,tendencia_ciclo,28.45
2021,3,TOSI1,tendencia_ciclo,28.74
2021,4,TOSI1,tendencia_ciclo,28.79
2022,1,TOSI1,tendencia_ciclo,28.68
2022,2,TOSI1,tendencia_ciclo,28.45
2022,3,TOSI1,tendencia_ciclo,28.22
2022,4,TOSI1,tendencia_ciclo,28.15
2023,1,TOSI1,tendencia_ciclo,28.21
2023,2,TOSI1,tendencia_ciclo,28.24
2023,3,TOSI1,tendencia_ciclo,28.25
2023,4,TOSI1,tendencia_ciclo,28.17
2024,1,TOSI1,tendencia_ciclo,28.02
2024,2,TOSI1,tendencia_ciclo,27.99
2024,3,TOSI1,tendencia_ciclo,28.19
2024,4,TOSI1,tendencia_ciclo,28.54
2025,1,TOSI1,tendencia_ciclo,28.85
2025,2,TOSI1,tendencia_ciclo,29.06
2025,3,TOSI1,tendencia_ciclo,29.3
2025,4,TOSI1,tendencia_ciclo,29.47
2026,1,TOSI1,tendencia_ciclo,29.72
2026,2,TOSI1,tendencia_ciclo,30.09
2005,1,TPEA,desestacionalizada,59.19
2005,2,TPEA,desestacionalizada,58.98
2005,3,TPEA,desestacionalizada,59.41
2005,4,TPEA,desestacionalizada,59.5
2006,1,TPEA,desestacionalizada,59.87
2006,2,TPEA,desestacionalizada,59.91
2006,3,TPEA,desestacionalizada,60.23
2006,4,TPEA,desestacionalizada,60.31
2007,1,TPEA,desestacionalizada,60.06
2007,2,TPEA,desestacionalizada,59.97
2007,3,TPEA,desestacionalizada,59.62
2007,4,TPEA,desestacionalizada,60.69
2008,1,TPEA,desestacionalizada,60.36
2008,2,TPEA,desestacionalizada,60.32
2008,3,TPEA,desestacionalizada,59.81
2008,4,TPEA,desestacionalizada,59.24
2009,1,TPEA,desestacionalizada,59.63
2009,2,TPEA,desestacionalizada,59.28
2009,3,TPEA,desestacionalizada,60.34
2009,4,TPEA,desestacionalizada,60.35
2010,1,TPEA,desestacionalizada,59.9
2010,2,TPEA,desestacionalizada,60.19
2010,3,TPEA,desestacionalizada,59.9
2010,4,TPEA,desestacionalizada,58.79
2011,1,TPEA,desestacionalizada,59.36
2011,2,TPEA,desestacionalizada,59.48
2011,3,TPEA,desestacionalizada,59.86
2011,4,TPEA,desestacionalizada,60.48
2012,1,TPEA,desestacionalizada,60.3
2012,2,TPEA,desestacionalizada,60.72
2012,3,TPEA,desestacionalizada,60.82
2012,4,TPEA,desestacionalizada,59.97
2013,1,TPEA,desestacionalizada,60.01
2013,2,TPEA,desestacionalizada,60.4
2013,3,TPEA,desestacionalizada,60.24
2013,4,TPEA,desestacionalizada,60.7
2014,1,TPEA,desestacionalizada,60.36
2014,2,TPEA,desestacionalizada,59.82
2014,3,TPEA,desestacionalizada,59.69
2014,4,TPEA,desestacionalizada,59.45
2015,1,TPEA,desestacionalizada,59.73
2015,2,TPEA,desestacionalizada,59.65
2015,3,TPEA,desestacionalizada,59.71
2015,4,TPEA,desestacionalizada,60.37
2016,1,TPEA,desestacionalizada,59.74
2016,2,TPEA,desestacionalizada,59.64
2016,3,TPEA,desestacionalizada,59.98
2016,4,TPEA,desestacionalizada,59.68
2017,1,TPEA,desestacionalizada,59.74
2017,2,TPEA,desestacionalizada,59.35
2017,3,TPEA,desestacionalizada,59.24
2017,4,TPEA,desestacionalizada,59.4
2018,1,TPEA,desestacionalizada,59.45
2018,2,TPEA,desestacionalizada,59.77
2018,3,TPEA,desestacionalizada,59.67
2018,4,TPEA,desestacionalizada,59.65
2019,1,TPEA,desestacionalizada,59.97
2019,2,TPEA,desestacionalizada,60.15
2019,3,TPEA,desestacionalizada,60.29
2019,4,TPEA,desestacionalizada,60.32
2020,1,TPEA,desestacionalizada,60.35
2020,3,TPEA,desestacionalizada,55.46
2020,4,TPEA,desestacionalizada,57.43
2021,1,TPEA,desestacionalizada,57.54
2021,2,TPEA,desestacionalizada,58.96
2021,3,TPEA,desestacionalizada,59.27
2021,4,TPEA,desestacionalizada,59.5
2022,1,TPEA,desestacionalizada,59.13
2022,2,TPEA,desestacionalizada,59.85
2022,3,TPEA,desestacionalizada,59.77
2022,4,TPEA,desestacionalizada,60.27
2023,1,TPEA,desestacionalizada,60.63
2023,2,TPEA,desestacionalizada,60.15
2023,3,TPEA,desestacionalizada,60.44
2023,4,TPEA,desestacionalizada,60.39
2024,1,TPEA,desestacionalizada,60.36
2024,2,TPEA,desestacionalizada,60.22
2024,3,TPEA,desestacionalizada,60.17
2024,4,TPEA,desestacionalizada,59.77
2025,1,TPEA,desestacionalizada,59.53
2025,2,TPEA,desestacionalizada,59.48
2025,3,TPEA,desestacionalizada,59.25
2025,4,TPEA,desestacionalizada,59.17
2026,1,TPEA,desestacionalizada,59.11
2026,2,TPEA,desestacionalizada,59.09
2005,1,TPEA,tendencia_ciclo,59.07
2005,2,TPEA,tendencia_ciclo,59.13
2005,3,TPEA,tendencia_ciclo,59.29
2005,4,TPEA,tendencia_ciclo,59.59
2006,1,TPEA,tendencia_ciclo,59.78
2006,2,TPEA,tendencia_ciclo,59.99
2006,3,TPEA,tendencia_ciclo,60.2
2006,4,TPEA,tendencia_ciclo,60.27
2007,1,TPEA,tendencia_ciclo,60.1
2007,2,TPEA,tendencia_ciclo,59.94
2007,3,TPEA,tendencia_ciclo,60.08
2007,4,TPEA,tendencia_ciclo,60.33
2008,1,TPEA,tendencia_ciclo,60.44
2008,2,TPEA,tendencia_ciclo,60.25
2008,3,TPEA,tendencia_ciclo,59.76
2008,4,TPEA,tendencia_ciclo,59.44
2009,1,TPEA,tendencia_ciclo,59.42
2009,2,TPEA,tendencia_ciclo,59.34
2009,3,TPEA,tendencia_ciclo,59.44
2009,4,TPEA,tendencia_ciclo,59.77
2010,1,TPEA,tendencia_ciclo,59.98
2010,2,TPEA,tendencia_ciclo,60.04
2010,3,TPEA,tendencia_ciclo,59.82
2010,4,TPEA,tendencia_ciclo,59.38
2011,1,TPEA,tendencia_ciclo,59.28
2011,2,TPEA,tendencia_ciclo,59.5
2011,3,TPEA,tendencia_ciclo,59.93
2011,4,TPEA,tendencia_ciclo,60.3
2012,1,TPEA,tendencia_ciclo,60.47
2012,2,TPEA,tendencia_ciclo,60.7
2012,3,TPEA,tendencia_ciclo,60.64
2012,4,TPEA,tendencia_ciclo,60.15
2013,1,TPEA,tendencia_ciclo,60.04
2013,2,TPEA,tendencia_ciclo,60.25
2013,3,TPEA,tendencia_ciclo,60.43
2013,4,TPEA,tendencia_ciclo,60.55
2014,1,TPEA,tendencia_ciclo,60.36
2014,2,TPEA,tendencia_ciclo,59.9
2014,3,TPEA,tendencia_ciclo,59.6
2014,4,TPEA,tendencia_ciclo,59.56
2015,1,TPEA,tendencia_ciclo,59.63
2015,2,TPEA,tendencia_ciclo,59.69
2015,3,TPEA,tendencia_ciclo,59.77
2015,4,TPEA,tendencia_ciclo,59.88
2016,1,TPEA,tendencia_ciclo,59.77
2016,2,TPEA,tendencia_ciclo,59.73
2016,3,TPEA,tendencia_ciclo,59.82
2016,4,TPEA,tendencia_ciclo,59.8
2017,1,TPEA,tendencia_ciclo,59.62
2017,2,TPEA,tendencia_ciclo,59.4
2017,3,TPEA,tendencia_ciclo,59.27
2017,4,TPEA,tendencia_ciclo,59.35
2018,1,TPEA,tendencia_ciclo,59.53
2018,2,TPEA,tendencia_ciclo,59.69
2018,3,TPEA,tendencia_ciclo,59.69
2018,4,TPEA,tendencia_ciclo,59.71
2019,1,TPEA,tendencia_ciclo,59.93
2019,2,TPEA,tendencia_ciclo,60.17
2019,3,TPEA,tendencia_ciclo,60.28
2019,4,TPEA,tendencia_ciclo,60.3
2020,1,TPEA,tendencia_ciclo,60.44
2020,3,TPEA,tendencia_ciclo,57.32
2020,4,TPEA,tendencia_ciclo,57.42
2021,1,TPEA,tendencia_ciclo,57.48
2021,2,TPEA,tendencia_ciclo,59.04
2021,3,TPEA,tendencia_ciclo,59.25
2021,4,TPEA,tendencia_ciclo,59.43
2022,1,TPEA,tendencia_ciclo,59.54
2022,2,TPEA,tendencia_ciclo,59.67
2022,3,TPEA,tendencia_ciclo,59.89
2022,4,TPEA,tendencia_ciclo,60.26
2023,1,TPEA,tendencia_ciclo,60.5
2023,2,TPEA,tendencia_ciclo,60.42
2023,3,TPEA,tendencia_ciclo,60.37
2023,4,TPEA,tendencia_ciclo,60.41
2024,1,TPEA,tendencia_ciclo,60.33
2024,2,TPEA,tendencia_ciclo,60.27
2024,3,TPEA,tendencia_ciclo,60.1
2024,4,TPEA,tendencia_ciclo,59.81
2025,1,TPEA,tendencia_ciclo,59.56
2025,2,TPEA,tendencia_ciclo,59.43
2025,3,TPEA,tendencia_ciclo,59.28
2025,4,TPEA,tendencia_ciclo,59.16
2026,1,TPEA,tendencia_ciclo,59.12
2026,2,TPEA,tendencia_ciclo,59.09
2005,1,TSUB,desestacionalizada,8.75
2005,2,TSUB,desestacionalizada,7.59
2005,3,TSUB,desestacionalizada,7.21
2005,4,TSUB,desestacionalizada,6.58
2006,1,TSUB,desestacionalizada,6.08
2006,2,TSUB,desestacionalizada,6.07
2006,3,TSUB,desestacionalizada,8.16
2006,4,TSUB,desestacionalizada,7.27
2007,1,TSUB,desestacionalizada,7.65
2007,2,TSUB,desestacionalizada,6.96
2007,3,TSUB,desestacionalizada,6.89
2007,4,TSUB,desestacionalizada,7.39
2008,1,TSUB,desestacionalizada,6.54
2008,2,TSUB,desestacionalizada,6.86
2008,3,TSUB,desestacionalizada,6.77
2008,4,TSUB,desestacionalizada,7.39
2009,1,TSUB,desestacionalizada,7.89
2009,2,TSUB,desestacionalizada,11.09
2009,3,TSUB,desestacionalizada,8.71
2009,4,TSUB,desestacionalizada,9.06
2010,1,TSUB,desestacionalizada,9.34
2010,2,TSUB,desestacionalizada,8.89
2010,3,TSUB,desestacionalizada,8.54
2010,4,TSUB,desestacionalizada,7.82
2011,1,TSUB,desestacionalizada,8.09
2011,2,TSUB,desestacionalizada,8.25
2011,3,TSUB,desestacionalizada,8.79
2011,4,TSUB,desestacionalizada,9.15
2012,1,TSUB,desestacionalizada,8.52
2012,2,TSUB,desestacionalizada,8.81
2012,3,TSUB,desestacionalizada,8.57
2012,4,TSUB,desestacionalizada,8.2
2013,1,TSUB,desestacionalizada,8.18
2013,2,TSUB,desestacionalizada,8.47
2013,3,TSUB,desestacionalizada,8.35
2013,4,TSUB,desestacionalizada,8.36
2014,1,TSUB,desestacionalizada,8.35
2014,2,TSUB,desestacionalizada,8.06
2014,3,TSUB,desestacionalizada,7.97
2014,4,TSUB,desestacionalizada,8.09
2015,1,TSUB,desestacionalizada,8.12
2015,2,TSUB,desestacionalizada,8.18
2015,3,TSUB,desestacionalizada,8.38
2015,4,TSUB,desestacionalizada,8.67
2016,1,TSUB,desestacionalizada,8.01
2016,2,TSUB,desestacionalizada,7.72
2016,3,TSUB,desestacionalizada,7.55
2016,4,TSUB,desestacionalizada,7.16
2017,1,TSUB,desestacionalizada,7.26
2017,2,TSUB,desestacionalizada,7.02
2017,3,TSUB,desestacionalizada,6.79
2017,4,TSUB,desestacionalizada,6.94
2018,1,TSUB,desestacionalizada,6.87
2018,2,TSUB,desestacionalizada,6.85
2018,3,TSUB,desestacionalizada,6.76
2018,4,TSUB,desestacionalizada,6.89
2019,1,TSUB,desestacionalizada,6.96
2019,2,TSUB,desestacionalizada,7.45
2019,3,TSUB,desestacionalizada,7.5
2019,4,TSUB,desestacionalizada,7.82
2020,1,TSUB,desestacionalizada,8.69
2020,3,TSUB,desestacionalizada,16.64
2020,4,TSUB,desestacionalizada,15.35
2021,1,TSUB,desestacionalizada,14.18
2021,2,TSUB,desestacionalizada,13.07
2021,3,TSUB,desestacionalizada,12.61
2021,4,TSUB,desestacionalizada,10.72
2022,1,TSUB,desestacionalizada,9.37
2022,2,TSUB,desestacionalizada,8.67
2022,3,TSUB,desestacionalizada,7.74
2022,4,TSUB,desestacionalizada,7.51
2023,1,TSUB,desestacionalizada,7.72
2023,2,TSUB,desestacionalizada,7.86
2023,3,TSUB,desestacionalizada,7.67
2023,4,TSUB,desestacionalizada,7.81
2024,1,TSUB,desestacionalizada,7.21
2024,2,TSUB,desestacionalizada,7.25
2024,3,TSUB,desestacionalizada,7.75
2024,4,TSUB,desestacionalizada,8.18
2025,1,TSUB,desestacionalizada,7.04
2025,2,TSUB,desestacionalizada,7.13
2025,3,TSUB,desestacionalizada,6.95
2025,4,TSUB,desestacionalizada,6.88
2026,1,TSUB,desestacionalizada,7.01
2026,2,TSUB,desestacionalizada,6.82
2005,1,TSUB,tendencia_ciclo,8.61
2005,2,TSUB,tendencia_ciclo,7.77
2005,3,TSUB,tendencia_ciclo,7.11
2005,4,TSUB,tendencia_ciclo,6.58
2006,1,TSUB,tendencia_ciclo,6.16
2006,2,TSUB,tendencia_ciclo,6.02
2006,3,TSUB,tendencia_ciclo,8.07
2006,4,TSUB,tendencia_ciclo,7.69
2007,1,TSUB,tendencia_ciclo,7.38
2007,2,TSUB,tendencia_ciclo,7.07
2007,3,TSUB,tendencia_ciclo,6.97
2007,4,TSUB,tendencia_ciclo,6.96
2008,1,TSUB,tendencia_ciclo,6.8
2008,2,TSUB,tendencia_ciclo,6.68
2008,3,TSUB,tendencia_ciclo,6.91
2008,4,TSUB,tendencia_ciclo,7.31
2009,1,TSUB,tendencia_ciclo,7.94
2009,2,TSUB,tendencia_ciclo,8.42
2009,3,TSUB,tendencia_ciclo,8.76
2009,4,TSUB,tendencia_ciclo,9.09
2010,1,TSUB,tendencia_ciclo,9.23
2010,2,TSUB,tendencia_ciclo,8.98
2010,3,TSUB,tendencia_ciclo,8.41
2010,4,TSUB,tendencia_ciclo,8.01
2011,1,TSUB,tendencia_ciclo,7.98
2011,2,TSUB,tendencia_ciclo,8.33
2011,3,TSUB,tendencia_ciclo,8.78
2011,4,TSUB,tendencia_ciclo,9.06
2012,1,TSUB,tendencia_ciclo,8.98
2012,2,TSUB,tendencia_ciclo,8.78
2012,3,TSUB,tendencia_ciclo,8.53
2012,4,TSUB,tendencia_ciclo,8.24
2013,1,TSUB,tendencia_ciclo,8.23
2013,2,TSUB,tendencia_ciclo,8.38
2013,3,TSUB,tendencia_ciclo,8.4
2013,4,TSUB,tendencia_ciclo,8.37
2014,1,TSUB,tendencia_ciclo,8.3
2014,2,TSUB,tendencia_ciclo,8.09
2014,3,TSUB,tendencia_ciclo,7.99
2014,4,TSUB,tendencia_ciclo,8.06
2015,1,TSUB,tendencia_ciclo,8.12
2015,2,TSUB,tendencia_ciclo,8.22
2015,3,TSUB,tendencia_ciclo,8.37
2015,4,TSUB,tendencia_ciclo,8.34
2016,1,TSUB,tendencia_ciclo,8.04
2016,2,TSUB,tendencia_ciclo,7.74
2016,3,TSUB,tendencia_ciclo,7.5
2016,4,TSUB,tendencia_ciclo,7.32
2017,1,TSUB,tendencia_ciclo,7.2
2017,2,TSUB,tendencia_ciclo,7.01
2017,3,TSUB,tendencia_ciclo,6.86
2017,4,TSUB,tendencia_ciclo,6.88
2018,1,TSUB,tendencia_ciclo,6.9
2018,2,TSUB,tendencia_ciclo,6.82
2018,3,TSUB,tendencia_ciclo,6.8
2018,4,TSUB,tendencia_ciclo,6.83
2019,1,TSUB,tendencia_ciclo,7.06
2019,2,TSUB,tendencia_ciclo,7.33
2019,3,TSUB,tendencia_ciclo,7.53
2019,4,TSUB,tendencia_ciclo,7.95
2020,1,TSUB,tendencia_ciclo,8.48
2020,3,TSUB,tendencia_ciclo,16.49
2020,4,TSUB,tendencia_ciclo,15.44
2021,1,TSUB,tendencia_ciclo,14.16
2021,2,TSUB,tendencia_ciclo,13.13
2021,3,TSUB,tendencia_ciclo,12.06
2021,4,TSUB,tendencia_ciclo,10.72
2022,1,TSUB,tendencia_ciclo,9.48
2022,2,TSUB,tendencia_ciclo,8.54
2022,3,TSUB,tendencia_ciclo,7.83
2022,4,TSUB,tendencia_ciclo,7.53
2023,1,TSUB,tendencia_ciclo,7.7
2023,2,TSUB,tendencia_ciclo,7.8
2023,3,TSUB,tendencia_ciclo,7.79
2023,4,TSUB,tendencia_ciclo,7.62
2024,1,TSUB,tendencia_ciclo,7.32
2024,2,TSUB,tendencia_ciclo,7.31
2024,3,TSUB,tendencia_ciclo,7.68
2024,4,TSUB,tendencia_ciclo,7.72
2025,1,TSUB,tendencia_ciclo,7.41
2025,2,TSUB,tendencia_ciclo,7.12
2025,3,TSUB,tendencia_ciclo,6.95
2025,4,TSUB,tendencia_ciclo,6.93
2026,1,TSUB,tendencia_ciclo,6.96
2026,2,TSUB,tendencia_ciclo,6.8
